﻿<?xml version="1.0" encoding="UTF-8"?>
<Thesaurus class="中图分类主题词表/中国汉语主题词表/领域主题词表（同创建词表名称）">
  <!--主题分类词表-->
  <WordList>
    <!--词汇表-->
    <Word>
      <!--词汇-->
      <TerminologyInformation>
        <!--词条信息-->
        <TerminologyID>000001</TerminologyID>
        <Ztclassid>中图分类号</Ztclassid>
        <FormalSubjectTerm>A 酸</FormalSubjectTerm>
        <Preferredword>Y/N</Preferredword>
        <FreeTerm>D词</FreeTerm>
        <EnglishFormalSubjecTerm>A acid</EnglishFormalSubjecTerm>
        <PinyinFormalSubjectTerm>A suan</PinyinFormalSubjectTerm>
        <TermNote></TermNote>
      </TerminologyInformation>
      <ClassificationInformation>
        <!--分类信息，只有一个-->
        <ClassificationNumber>分类ID号，classlist中提供id和对应分类</ClassificationNumber>
      </ClassificationInformation>
      <FeatureInformation>
        <!--特征词信息，可以多个，取值范围为下面定义的范围-->
        <FeatureTermCode>Mate</FeatureTermCode>
      </FeatureInformation>
      <TermDefaultRelationship>
        <up_words>上位词</up_words>
        <down_words>下位词</down_words>
        <same_words>等同词</same_words>
        <rel_words>参考词</rel_words>
      </TermDefaultRelationship>
    </Word>
    ...
  </WordList>
  <ClassList>
    <!--分类表-->
    <Class>
      <ClassificationNumber>001，一级分类三位数，从001开始顺序计数</ClassificationNumber>
      <ClassName>分类名称</ClassName>
      <Class>
        <ClassificationNumber>001001，二级分类六位数，前三位延续所在一级分类的三位数，后三位从001开始顺序计数</ClassificationNumber>
        <ClassName>分类名称</ClassName>
        <Class>
          <ClassificationNumber>001001001，三级分类九位数，前三位延续所在一级分类的三位数，四至六位延续所在二级分类的三位数，后三位从001开始顺序计数</ClassificationNumber>
          <ClassName>分类名称</ClassName>
        </Class>
        <Class>
          <ClassificationNumber>001001002，三级分类九位数，前三位延续所在一级分类的三位数，四至六位延续所在二级分类的三位数，后三位从001开始顺序计数</ClassificationNumber>
          <ClassName>分类名称</ClassName>
        </Class>
      </Class>
      <Class>
        <ClassificationNumber>001002，二级分类六位数，前三位延续所在一级分类的三位数，后三位从001开始顺序计数</ClassificationNumber>
        <ClassName>分类名称</ClassName>
        <Class>
          <ClassificationNumber>001002001，三级分类九位数，前三位延续所在一级分类的三位数，四至六位延续所在二级分类的三位数，后三位从001开始顺序计数</ClassificationNumber>
          <ClassName>分类名称</ClassName>
        </Class>
        <Class>
          <ClassificationNumber>001002002，三级分类九位数，前三位延续所在一级分类的三位数，四至六位延续所在二级分类的三位数，后三位从001开始顺序计数</ClassificationNumber>
          <ClassName>分类名称</ClassName>
        </Class>
      </Class>
    </Class>
    <Class>
      <ClassificationNumber>002</ClassificationNumber>
      <ClassName>分类名称</ClassName>
      <Class>
        <ClassificationNumber>002001</ClassificationNumber>
        <ClassName>分类名称</ClassName>
        <Class>
          <ClassificationNumber>002001001</ClassificationNumber>
          <ClassName>分类名称</ClassName>
        </Class>
        <Class>
          <ClassificationNumber>002001002</ClassificationNumber>
          <ClassName>分类名称</ClassName>
        </Class>
      </Class>
      <Class>
        <ClassificationNumber>002002</ClassificationNumber>
        <ClassName>分类名称</ClassName>
        <Class>
          <ClassificationNumber>002002001</ClassificationNumber>
          <ClassName>分类名称</ClassName>
        </Class>
        <Class>
          <ClassificationNumber>002002002</ClassificationNumber>
          <ClassName>分类名称</ClassName>
        </Class>
      </Class>
    </Class>
    ...
  </ClassList>
  <FigureList>
    <!--特征表-->
    <Feature>
      <FeatureTermCode>特征代码</FeatureTermCode>
      <FeatureTermName>特征名称</FeatureTermName>
      <FeatureNote>特征描述</FeatureNote>
    </Feature>
    <Feature>
      <FeatureTermCode>特征代码</FeatureTermCode>
      <FeatureTermName>特征名称</FeatureTermName>
      <FeatureNote>特征描述</FeatureNote>
    </Feature>
    ...
  </FigureList>
</Thesaurus>
